ID,NOMBRE_USUARIO
27935865271378,Idpz_H1kqB
27935865777526,7denBSm6LI
27935909651290,iBFvXcOlRU
27935910067274,9r2psIf7Co
27935949728175,NUVsaVV9hu
27935950031711,HeMpWK4i8Q
27935983620372,VCOii0CGre
27935983988456,bHrXyUfkS1
27936017549454,JgF7tpK8QU
27936017900376,BWMDpye7Vr
27936059939610,1N4RfG4qnh
27936060581516,BS7hk6Ozvp
27936087306441,Q0LPXsdHjy
27936087586667,JNZKh1EEXs
27936112898425,mwGGDsFR1g
27936113455034,296zVbK_l7
27936140557777,c58Z5GCK8z
27936140813668,0lcUpmAWMY
27936162612359,TG1RgInd_N
27936163060617,3URt_Wg7m4
27936191467153,Il3ytm2EzY
27936191709725,eEcTvwfrZs
27936220627531,u7jbmEjiTx
27936221073997,1nU7Qw_oqu
27936256109637,HesXo4nfqg
27936256363223,iajEy_ABm3
27936285843018,eCzgENET7z
27936286261563,ctno6Ny_pH
27936309802571,Hd8ozvzXYt
27936310046936,9pqYUB6C7W
27936338531596,CSr9erGTBP
27936338938359,lDkvKwuDKx
27936374294184,NwOHcj3HSJ
27936374532402,8X5j7JCQnF
27936396669719,Ka1mSgCxnm
27936397099279,4nXmAHlvbC
27936418373635,iqmMlzI17K
27936418606217,niOVCaYQbH
27936439988924,UOl_RwJeIw
27936440434877,AnD8Olsegc
27936463905188,zt0HQowBB7
27936464138026,WKkAkV7tGL
27936491212849,StGfqPERsJ
27936491453628,l0_RN3LSCc
27936511711846,1kZogUJ403
27936511985668,yjzFP2Dpdv
27936536916277,mxUFwUH9T4
27936537365304,8cPJQjpU0Q
27936563119429,R5XfSd7qc2
27936563351499,ArJF1Hs2zQ
27936582811560,1nWBh3UBSW
27936583026212,mExvxXLtMz
27936600280328,0hzCPNChFb
27936600430174,xqzwOdaUgo
27936620618976,hiL7pmOl_I
27936620812111,2VfaQQaas7
27936635077494,LA7yc5Ics2
27936635208642,f4TiepOkE_
27936646468131,3yegy8cowl
27936646642568,OXEfeEbBzl
27936658275776,9VP7TnAY_8
27936658493502,sPpCPSYHzR
27936670863136,t6yhSbMteu
27936670997613,K6yYUhWzft
27936690351117,FmXk8MNETW
27936690655676,1jjarRJRmw
27936706513787,0AqTNjqgIg
27936706697189,Vl83ZTkQe1
27936720010471,V9uFPY5yJV
27936720204631,6OcLmNoGHC
27936736964894,uMjsk6OOUM
27936737184413,arhUFPxo4Z
27936750656250,ra83d8xwR1
27936750776896,rOoUKSSCWQ
27936764356059,qY0RLP2nkT
27936764575066,EzzD9f_xp0
27936786435232,jZ6cfh2nQD
27936786630672,ZUAhX5IJ9e
27936801152716,JOvz3f_Wn0
27936801377357,yNlOxJT0Bv
27936813962155,i8nzAIy3vB
27936814134799,uRBzlxVhav
27936829998032,ave0z3Clgx
27936830209867,eI_d_QWeau
27936846276225,CGWaPKxaoc
27936846506502,hj1eNCdt33
27936862807236,lfIUrbf1No
27936863070812,e4WEe6GTKc
27936885234257,ApP3YdgHEv
27936885412023,kRZ37JtymF
27936899293441,iBBZS6gUxT
27936899489394,JAq4J0mzVb
27936915580856,w_a4IWa6wy
27936915850835,rVP2YK_fEJ
27936929720214,uJ8Igqk8HD
27936929906690,H0rBVZUpao
27936941284775,fpnME9ILUz
27936941403884,wRUjKXlgHx
27936954011735,PloG9fQfiP
27936954224594,A5ytTUHrmx
27936975919288,GT3xG3iFwr
27936976104739,nNWEO5Wb2Y
27936989705932,nzFTF6hoHs
27936989829395,aWizbLuZ50
27937001843239,2692v5iu3y
27937002037143,9HxqLxQOos
27937014647812,ISlWvRbQqf
27937014830957,VdPet4yaF7
27937028219035,W82P7mny2x
27937028447775,tQz1OJvG6s
27937039561515,5u0Ac7IL9z
27937039686516,yxyX7uPATe
27937056951390,TPBWs37zpo
27937057161943,XzZL7vAOrd
27937072155555,e950lBr6Tw
27937072297205,O0dwrsK0GR
27937085374062,9rcugR5Urw
27937085509308,v_6J3vGzLP
27937096647383,H4AwG_xPa4
27937096777506,WFkisDep2r
27937111316712,y_JVDEJ_Ht
27937111460667,9GtGqq0v5l
27937123287267,LAsII1L_tP
27937123445310,UAV_qxTmnU
27937144470178,vi016AHGkv
27937144612596,o3Km1ItlDC
27937156640529,52VYGtWutd
27937156792168,td_6jLbR3j
27937168012723,gqDrOjhw0W
27937168141565,UpyJQokY73
27937180457920,3IakL8VQME
27937180584201,PXTTLNJXTe
27937191035031,_ZK87Ww_EW
27937191160288,bcq5UcaOja
27937204321418,sq8OyFT1is
27937204533764,RG9KLK6WQd
27937221958475,USEhKS26Ad
27937222080657,EURUgUvVp0
27937235660077,PKzuhXD6pj
27937235845528,9R0eLEV6nX
27937248825306,Zkeut050TR
27937249006658,A6FZhjqxq9
27937259276648,dfA574WdLw
27937259462612,3CKii6bURC
27937269746434,NF1aMvWkA9
27937269870153,Nn1UJLcRtx
27937280395522,ibgiPEzxBI
27937280515143,y70toLiEbw
27937300308965,oXXESFTzcw
27937300431916,OCvgC88MyE
27937310334846,szjbKbKzu0
27937310466762,b1EX0embYQ
27937321495718,OXwVSWIYYe
27937321616108,iEhjTVkPhx
27937335257771,6E6C_ydjlV
27937335428110,SEGGWrjMGn
27937346749330,rMRbmnP6rC
27937346952712,vGCMWAvGzb
27937360206823,UV11yISv9O
27937360451957,Sp3O5wIFgQ
27937381268833,_i7Wol9YPo
27937381465042,2HAoHifg19
27937392764746,OJLmjXU2FG
27937392887185,wrrIj2aHRI
27937406533459,GjWKK_s3qn
27937406726595,1IWLVlnhY0
27937419877735,JLBzMmXqHU
27937420002479,sQhNKoBj4I
27937431645165,zaZuuGbbtM
27937431838813,Kre0A9SNtU
27937447901842,M4_b23Vii9
27937448093696,Cg6ztCaRnX
27937467977682,B6lFjYPuAV
27937468133420,03EDuEWYr8
27937480367039,ft7pWCp153
27937480532510,PIexfQZBvu
27937495896768,lVNWc_C3KS
27937496018182,f8XMgcYd2h
27937506787916,X4OkjAf1qk
27937506926748,Pxh0kXYb5X
27937517952887,pOsAjstsAb
27937518135264,3BRtxv5Hb3
27937530836609,Rmlu_Tg0Ta
27937530960328,kNKUt_B6Dc
27937544678068,KVT_jPbetu
27937544805117,C7GNdM2DzP
27937555331511,0gVBaz9vjV
27937555454974,rbkd_juDUw
27937566207803,bYLqPTWo5G
27937566352527,ehNSXNPVVj
27937582232666,L6SGpdIAbX
27937582443475,KVx7P79EXm
27937597335140,zzm0Gg7yR9
27937597510858,auMeItWt0U
27937612561590,V0dmeuWp1i
27937612736795,ix1yvKjJpd
27937631466067,cm3tOjaO8c
27937631628720,FSjzGps4iu
27937642895894,jnkXcPzv6N
27937643029603,EHnPnQyuol
27937653957124,hLjDbAQ9Bb
27937654084174,StshR2_prj
27937665172300,5_nLrxtvjN
27937665378755,NdLm9cHqNO
27937676457148,T5CPcmF4Lr
27937676652588,_NjCSrnN_4
27937687586770,dT3T2xTy85
27937687714075,tfKcvGsHA4
27937699859067,CoK3Ch72aa
27937699985860,osrQerrYJu
27937717302220,v2YnNn9EMU
27937717485110,Vtcn9XLWsl
27937729454384,mKzcI0brWJ
27937729694651,nYYdVZgXu1
27937746040979,Wl0rr_0ZPR
27937746220026,teHzgq4tIx
27937757601954,aYMGVkwvQJ
27937757775878,rhTaAZbk00
27937774133221,grzi5RDqdM
27937774330711,UpV1iLwFtH
27937788374527,GFEFUsy3Jl
27937788496709,A3149Rz5bn
27937804106100,G80wcEQ3GN
27937804231356,_2t9axVtEU
27937814609441,o0rPy3wPnz
27937814734953,G873Flhmdx
27937827647364,2hmTVLdND0
27937827850745,djTcx_BhWS
27937838943226,awWMfwKiht
27937839063871,kxhpdL2CrY
27937850088217,XMr6c8tB4d
27937850217315,RFQtXv7dyB
27937860991660,H0uXXSkZIR
27937861113331,YQDCuUNPfN
27937876742957,GnUdbjxAIp
27937876958378,Imt4gK2fI6
27937888610541,wvEbo53EAY
27937888743482,mUCzeIk81_
27937904736582,BHzyDtZFdY
27937904954564,IqdKMWMRNo
27937919118001,csSSjwPi9K
27937919246331,UagqOsjyE9
27937930417193,XJf0g4YLJl
27937930616988,0LfJTLJMwb
27937944731756,k43En4kDa3
27937944908498,sxJZkxQwOd
27937958795808,Uv8I3xreQ3
27937958919527,TEzyxEm7Bn
27937973982299,HeYOg5n1ai
27937974124205,r69Zmvv1F0
27937985045578,1CSpp1YGNO
27937985173140,qPhJcH66qZ
27937998815828,J1LKcpL3BJ
27937998940828,7tOTWiiL76
27938012435975,KxUCwft8Gx
27938012691355,reejveYWuh
27938023875536,zlNB93oEpz
27938023996438,nZWmiUraeg
27938034678570,gj5RncKzAV
27938034797422,z9OdEboLDm
27938051002869,ef82pl49q1
27938051130943,8fHTfQaKEG
27938062737256,se_aiJRWnk
27938062858158,tz42PAKXyV
27938073456017,BrUcswf4pY
27938073603815,MQxz8SmVjN
27938084224471,FEOiOet2Mb
27938084374574,YbfWg74zSH
27938095281091,wer14DXcWg
27938095403786,q7BAi905M7
27938105719370,o4SgKqmq08
27938105848212,nxSYtaVIzD
27938121369745,v9g_7DdFIF
27938121537009,riCD2FseM7
27938137563665,wGta1CMgty
27938137769864,oJL92FR7TB
27938152266037,KvCNMCsPjC
27938152391293,hUxNIFRRrI
27938165491716,uPnHZkY6xX
27938165671532,yDQ8g4u334
27938180353668,h20F8EUzRW
27938180525799,8dZm6dW4zs
27938196266338,HqpPveY7Ko
27938196449484,ItJHtrGEUb
27938215747659,DPoUsHwKee
27938215880087,2axeIXsCLZ
27938231672880,vNaToO1mA8
27938231887020,yRAppPXULD
27938247920335,Bn32hZamDp
27938248103481,Pr886TEGnX
27938260283565,lhGIEpYT8e
27938260435205,daFQmlmANv
27938270987982,zyc8DZGakF
27938271106579,FY0WymdpMw
27938282156282,QR7Xz7e4HK
27938282274623,9484OQN4Rt
27938292656806,RIs2_rDfA_
27938292779500,eOuLoKgBoW
27938307043091,eYlDV43JJa
27938307180898,lOzeGzFZ1I
27938317774403,jORDoNDT6t
27938317899915,XYxp17WwO7
27938331200646,0AW6vfhoiR
27938331390196,jfyXMewFgg
27938345692720,hw4CutZhjC
27938345855374,qQuRjw8zVw
27938363374091,CNVEWqJhJS
27938363549808,SyZBJBkMMV
27938376122567,6ThZPc8CHi
27938376244494,4NKhj3qG4M
27938390117202,LGa2ghc9S2
27938390239897,B340MKDze1
27938400762705,A_6cAVoqzI
27938400878996,LuP7UDF6wq
27938412172297,ci044DZdtU
27938412302164,aYhSbAJXLC
27938427661554,_paWY3zRga
27938427842651,hF227u0vub
27938443058855,JUr5ysMaX_
27938443240464,qIxhdFW7YN
27938456439504,3FqjKcdL_B
27938456604719,RPVPhNbypn
27938468997919,Hc0pffkQBf
27938469134189,RgCcpwuMZK
27938484937484,8bJM7Be1Fi
27938485058898,M6CctvLbTf
27938498886781,Mr4H2PXcNF
27938499068390,B1qEhp7INU
27938512284336,DysV0aAzbC
27938512404213,88Qg655wF5
27938523067390,Ia60hfsE_Y
27938523185474,pkhOoxXej8
27938535431388,dw7Y4QRx13
27938535595579,Mcl75SRDs1
27938551724950,6MiuxOQu3W
27938551909633,eqqj6XnDNT
27938570422203,8QRKL7KnEF
27938570600226,yUtIcX36ZJ
27938585943223,yODiIW6Atd
27938586119709,hODgrvCnDg
27938601083607,ASeUwG9VzR
27938601248823,qHaZ09es4R
27938614124604,iUDoeIXcLJ
27938614240639,28NLPwqwkq
27938624442238,KAEVLqL6w4
27938624565189,KHbIsqxjke
27938635837485,2A3bFCQ0Px
27938635961973,Vw4JaPfPPx
27938647636165,RSioAbxCji
27938647858245,d3x63fChWc
27938661655903,WeyuxVkFN9
27938661775012,unnH5JbPPX
27938671892338,YzPuG8JcOg
27938672010422,JQyUrMfNA9
27938682966888,y9_y65UmSH
27938683107769,FR2zYQH7XZ
27938695601634,iCH772QteY
27938695718694,BUUtIkGLWA
27938705853694,lh0tSfYaBr
27938705969217,V4kXvPlxbs
27938716860109,7St05QLes2
27938716980755,4m5tkFj52U
27938730769703,8xNMYwCMuH
27938730949775,iTmXyMRFTG
27938742392922,gvxkAkghQJ
27938742505371,npxjEVxtlB
27938752177256,aRJp1PwTWl
27938752292010,8Bwa9KaPJi
27938763024347,IHWTaseC8K
27938763160874,a5jq0JU6_Z
27938773405505,Nv62oHfE0V
27938773524101,9uxnTYjec2
27938787753368,W14HYpGtO0
27938787924475,3XZbTwrf2W
27938799976229,29GGxTdmKI
27938800104047,8GSbVPbMsD
27938814450373,qcbONNdGrU
27938814584594,b12c4gL84h
27938825435528,qK3w7CXiAp
27938825562833,3srWvgVxS3
27938840526475,HVChvfkQ5E
27938840646865,qaD0UuF3SZ
27938851152255,pZu3vXpebM
27938851297234,43T9YIa2aT
27938861811333,43derOMmiF
27938861941200,9xFhgevlwY
27938878209916,0rwSUuMClY
27938878403051,m_qYU3Tg8s
27938898573410,AUjjExbZuJ
27938898702765,VYUfxTrqU_
27938913142585,16kayqeDNN
27938913337769,Oz6VzP0qkX
27938927535274,S8h6MLRt1w
27938927671032,Dka0XLxjvA
27938939082673,Iauosn3JaJ
27938939209466,WMO8bheF9X
27938949904149,l2f94A9JFX
27938950029149,7Rdk_haL_0
27938963257646,ZqalrMVWhu
27938963391099,yC1Nr1lr_J
27938974589369,hWbEA4mMHj
27938974714625,EgWjnqr8Ex
27938992256908,JurEQH75aq
27938992505115,BiCHA2LvDC
27939006204412,FPC3Nk0ANi
27939006436994,dYHkbqMV8Y
27939018730295,VbQXcV_BXX
27939018855552,Lx1AcIQgBl
27939034607361,SnH3pI9jLG
27939034777699,Ppoq3QEukU
27939046231092,RvvYpIMwWm
27939046351738,Kpk2PTXNIA
27939057034126,SWLk0t8DiL
27939057176031,X_j92vf2ZD
27939068175274,7G0lM9K8MM
27939068345356,y5MusUMW1u
27939086427342,6uKgdysRtV
27939086550549,NnKIOcAUxW
27939098557734,Ht5JkHxoNm
27939098680941,1kUOGNwjDR
27939109504210,gVyerNAtAB
27939109634077,krxfpoDYLd
27939122926355,vzSUyu0gq3
27939123050330,UHrNS2I62n
27939137678675,XDAFhw_hex
27939137862590,3sGgO3GXA2
27939150455584,lmLaRBxGMn
27939150645646,tPafEFYnYE
27939166903091,ji9phXDgl1
27939167057292,RQBTSajpcp
27939183564993,iLpF4kughv
27939183740198,B8ZY_Lmtoj
27939196756861,FKLS2Iwxmm
27939196926687,fX7q5HC8CQ
27939208059639,I_atgUY1In
27939208196422,wu3VgTGUMT
27939219976659,KkRu9x4n_P
27939220104221,fgfw1TKqap
27939231434919,j7w9fTLCdj
27939231579386,nrsf1hh0CK
27939244790209,Czcx7UbFfK
27939244952863,jnnSjUmcs_
27939261772809,D7z8QuaasH
27939261896528,Uk4py8b2Bi
27939272632195,XAKONZcj5o
27939272755658,Fcp1AfpG7y
27939287150396,EwbKD7bvCv
27939287357107,Jw5lmpq_kj
27939302419367,557rzIWkP8
27939302635812,JwflWB8dYu
27939313742637,noBE4aDEkS
27939313863538,uvHTQCkMQ1
27939324576408,VfCnrEKaQP
27939324699615,gAxjlI2FHe
27939339217048,w5ynNHB9TD
27939339406853,DwE6ppG0s4
27939357919167,2l42zEBZvQ
27939358050571,7760NYLX08
27939369596434,n4TEP6vy4F
27939369743975,BA5b6aOlc_
27939383521909,oARwUI9CyS
27939383691223,oAlR5TljDB
27939398270643,ZktsdykUaA
27939398502201,pVr94tCwJ6
27939413993764,17ITu3XINf
27939414185875,E7WmvaTWlP
27939425702024,s9cMQCicyC
27939425822926,vDyggMvsMm
27939437665919,TY5qanZVOA
27939437857774,luzA3Ckyd6
27939455318089,FUDVtvFTDU
27939455483560,RYeKNPpc00
27939466452578,9X7NpSLJD8
27939466576297,jNMnAShMT_
27939478050438,y6L7CYr4lk
27939478227180,q59OZTx0rL
27939494623713,u9_gR2_JjO
27939494848867,ZHyQsLm2tX
27939505569421,kv8Nw0bwQ8
27939505690579,qvvbG4kST_
27939516554832,7NsPVDpkxd
27939516682906,oX0spih8Sa
27939529844292,q7yl0IDD94
27939530023596,yZx_UJqV_i
27939548827662,xXP0Yt81Aj
27939548953431,nQ4nWyCuAP
27939559552571,Wraq3_XVpU
27939559675522,yKe7sQCSGd
27939570538238,Um7ScJhNca
27939570659140,zkHhH1D05o
27939582937841,HjpsdGcmma
27939583124572,cMZyhQ8he1
27939595957321,vXJXmGU9_C
27939596161727,ObVGegMMs4
27939607471421,bsC3ub7QYE
27939607636636,uJpXcaMfLd
27939619208882,YYMtJDa9CD
27939619335163,g1UjcYhS09
27939636678418,Y4GSYZA0ss
27939636864638,2Osdwzcaji
27939653562913,2J_3fmxx7l
27939653754768,aNt77dRloG
27939667125171,QaMRkGYLTQ
27939667273736,Fzx3i_i678
27939678022979,vzzfVhpQUK
27939678250182,eRUIHLjWWw
27939689959211,4t7_zghiMx
27939690090614,8FwCAlkeaI
27939701132890,dc6xu8780R
27939701267368,kMKKNkR2ek
27939711877522,neezzkWTe7
27939711990739,tCf1rknusl
27939726590139,ZWwgDVaO6Y
27939726716164,7WRyMwAZEV
27939737851421,Fjp8Dbr5Oj
27939738003573,QNT3BbRFyl
27939749803790,pSCELUurEW
27939749927254,rPQQgxU2Xo
27939762573271,MpLBksm4rw
27939762777164,mvKAm8QibF
27939780166014,gngdaX7flo
27939780362479,zAy11UGaab
27939793226991,Er8_yMXb5Q
27939793426274,Jl6XHT6Niy
27939809274650,zCAcR0TjPC
27939809484435,wnONYUXiG1
27939824674256,oLmbUrRLjw
27939824800537,XPiJZkT5Sm
27939837456288,bLR38ygbD5
27939837609464,hmU7zbjgK7
27939848829250,Dp7pStgbpD
27939848951689,TplDlnkiwT
27939859465276,lqY1ioPuVn
27939859591813,mV7wV60T6N
27939872084397,zWjvvNpkhS
27939872201713,Whfit8YNxV
27939883450956,ai16iwA135
27939883573907,aLUu0lOdg5
27939896455836,x111B8TdvX
27939896622588,mKPoHAmcW2
27939913083415,oFL9veKetb
27939913205085,gyAVEwcrkb
27939923544491,LAQj8MZ4Xd
27939923662575,1otFd6Krch
27939937906698,NrhnvnFEXk
27939938121606,iIK6S8wWHp
27939955509944,U_DnsmrbIK
27939955711532,9ScAUEwzFp
27939970668515,cEqUeGuG2b
27939970877275,0FLpzgu6Tt
27939987949014,dPnEzty7Tn
27939988074782,qpAc6w0qTI
27940001351691,uqYJ6snWZG
27940001575821,3a3llyoL9K
27940017800991,emT8sNgEdQ
27940017925223,sC1RFxZeao
27940034085588,mUeRgPD8C0
27940034207514,Pp47bJdzns
27940045009011,F9SxAiJGEm
27940045129400,aAr9jlGjRO
27940055789503,9w0gX8vENn
27940055908612,cD6cKH8umQ
27940070696281,D_MBZDvStC
27940070915287,r6boBsUcId
27940083786971,SUMlplrTFs
27940083913764,N2d8u68FWo
27940095790825,62ilRWIQij
27940095973971,uhmOChKq3Q
27940110938382,DrHJUGqkFV
27940111083361,kZdvko9ir_
27940120815441,hh8KEqipcC
27940120935574,uEuFPEkHxe
27940133825188,JH1cfjYqg9
27940133992965,q6w12Pllfm
27940147153583,4klWQAeRad
27940147306247,lVUPdrQbBd
27940157241708,MQPFoMflIo
27940157361073,M90XawgDyv
27940167718921,96X8urndaz
27940167834956,VOcfvor_1C
27940178316781,ZD2w2z7WnC
27940178560377,1jsJdUECbn
27940194338570,YXDNNyczJb
27940194545537,cQ2YiswHo1
27940205261736,iyyvTUXxrB
27940205394933,O_z5yyeY3k
27940215412105,Ziu2Ontu1R
27940215524042,AInZayalcq
27940225132402,N_fQLpae1z
27940225243058,mYvvHDkdU6
27940237395478,aU4k7BAdGx
27940237513819,xiYwfjIj3S
27940247324792,Dids891KVt
27940247445437,YFLrk4SKTc
27940259447243,pAFoYtXbR8
27940259620655,Y2JTYI4srb
27940275335066,Pk2NhncP7q
27940275445978,QyTr5gbl8g
27940285420630,w8wsX5jEBe
27940285533079,UghdSwJss_
27940299448308,QrSxHMpAIL
27940299631454,7b7EFruoVA
27940315307187,NmZnYjYOv6
27940315533622,uVLGSMeQzq
27940330927337,xR5fuOzEMx
27940331086917,qPNXktbFcO
27940346594361,JTx0W4Rpwk
27940346763931,OtlnzT8KaB
27940361800319,ceT3_Koe0Y
27940361980391,vuZXRL8iq4
27940382152543,0xYYxstb7y
27940382334664,uIoNGU4Zvm
27940397768850,AsWAdgZ0jd
27940397944567,5IjyQYhQkY
27940413046017,fq6gMKQ7y7
27940413259388,chq9K_ReUV
27940428924107,DjYYkYh1Bu
27940429050644,P8sX3ww4FF
27940440459211,cnIs2Mv8oB
27940440587541,RET4qQjkSc
27940451846774,V9NS9E6TyA
27940451980227,AG55ZkU0fw
27940462307082,MGQeT7oJW7
27940462422092,Irth6rUKnm
27940475116009,QBiDlJ1m5P
27940475468981,FVbbdu_R1h
27940490395225,7U0KrCyj4H
27940490518432,XazKHfuAMn
27940500634221,foXdZW_dmk
27940500747695,vkU6yGEz1c
27940510978238,k8eIStBkH1
27940511128853,LXsTFU3yB0
27940521817389,meyiVmUSDU
27940521931887,DTA6q9FA6g
27940537853522,qah0CYT2bw
27940538062539,OMtuy_NnTq
27940553910147,AIyJiIZJx7
27940554100209,EgJJFnoyxw
27940567185775,S3dE1l2pLe
27940567305396,hdqvYEV_yq
27940580888914,BMZ4R7QlpP
27940580999058,dg14EZ6EMV
27940595241388,5FAF5pFkn3
27940595468591,6Gz7i2T6u3
27940611838229,w6LZnU1fsz
27940612010360,al2H8ds52R
27940625343109,Zf7RC1gmR1
27940625454790,Np_3oic5wt
27940636069043,YbhVWE2oKX
27940636238356,2hdfAlUgcV
27940646341082,oiEKwcmPwa
27940646461984,t_ozMC8Daf
27940656717629,BD9G1YWssk
27940656886431,7X7Gxfg2O9
27940675949975,9zYcQ5SqjX
27940676099309,S5Jf61qfXI
27940688394404,ZWldGOEtjF
27940688505316,pSeYye357H
27940698965623,SG3XlCV0UZ
27940699081402,V5LiIU4EGi
27940708866504,upBiJPBHiI
27940709023779,2IIH5eEuwh
27940720759191,CQpapNY7Ws
27940720931322,lAbpxbdwZk
27940734712330,7XZPkecd3G
27940734892658,vOkPo0fePN
27940749837346,8eoT3N2dy4
27940750023565,to9hXfYQ7h
27940766765129,ki6iR4Ek7t
27940766932906,zTBYDWcvnm
27940782350955,LbQYaNPWSD
27940782473393,TWZDNRmaae
27940791887594,CCLuwSxEe9
27940791997737,4qGGkOWjLm
27940802753383,gW6ZEfJ0za
27940802921929,xtqroGRqEj
27940812262358,re6R7yik2C
27940812377113,Kc63Le8_9r
27940821650432,OdB324KT88
27940821756733,8s4eHtTKuK
27940831001876,311UuUhAN8
27940831112275,ZC4A0uJucW
27940843945536,pPt0gcw5Hg
27940844057473,mBycxQJlvq
27940853560300,BbIOQ9YR3b
27940853678897,VjvIEeuBrW
27940863112052,pyzDQvQfwT
27940863221683,r3C_QVF9hi
27940872528045,rxO07l4EE9
27940872659449,RfrpTvqiJe
27940882219141,HHgfyjkZME
27940882326467,mbf3p7Puj6
27940892021661,A4PlZc9YE7
27940892135135,a3AgkTN5wG
27940905339042,IGXUMWtZmv
27940905559073,F6y3skmTE0
27940916724043,MYwnDqYodt
27940916827783,M_0AvzKb8m
27940929890297,jtbKGz_cre
27940929995061,FMFwsB6xdV
27940939125706,J0kbVbvoN3
27940939242509,uUf_TUsPpc
27940948628021,EWcQ05cNhp
27940948733554,3mmBtgd7tL
27940957807333,9n_voRsLS2
27940957916965,8JUUjELVo5
27940967229474,8xDuM5mida
27940967400069,ceSDKbZKNw
27940976579125,AbQcjwv_RN
27940976686707,kxa_q6flNk
27940990041485,nEIM5EzME7
27940990191332,zgsgV4S72W
27941006480283,wQWh1yPFwk
27941006588377,IspGfq8mMQ
27941015721839,J0BcFd9vWO
27941015827372,m_pTthWspB
27941024926511,KWHgRnlcfj
27941025038191,cQugHtuMXM
27941034478518,cZPGin_gty
27941034583283,KMp8t51nqD
27941050034118,axKiKzGbX0
27941050220594,_JYKChSogC
27941060945246,vc6j52UQzm
27941061050267,xLvHmPZ80u
27941074576152,nQ1W5D94ZN
27941074742136,RV6i132h1j
27941089071300,9CVSawaC7Y
27941089180931,OyGUMelBsj
27941098266237,xncvIBvZBh
27941098381760,DRiWhEbadP
27941106928388,aRkiUn5X1E
27941107060560,J7Wh9t9Tz4
27941115779063,BpJDYu4ge9
27941115879217,0Hbh3Rko1r
27941124913037,hPpAv3JvTl
27941125014728,lU9l0XZHFA
27941135115917,rV9EwSte_e
27941135216839,n7hQZF0I0w
27941144559830,gkp2jvSUoz
27941144702760,xydEf5vlo2
27941157208152,riBmRNb8kn
27941157411021,aC8wOsNhWS
27941171632860,FFV1XJtqb2
27941171809858,PSy5mboTtK
27941185854442,cK8m9flvyn
27941186020682,X1jO8OLztM
27941200647746,fzPJxC3YFH
27941200820902,CM9dM0_nPM
27941213254829,gDh0aBAryb
27941213354726,_NaeLhQoqn
27941223410064,fKD8BVQBQ_
27941223518927,2fiDGxHB3O
27941232360125,QrW2siM2WN
27941232462840,G6LNjbLlxi
27941245329913,fKKuMatumE
27941245502300,PY2MVWX1Ry
27941259869887,wcPYHL__RJ
27941259967223,2n3bEGVZUZ
27941268792795,_9heIYmjVW
27941268889619,vFzeGH1hpF
27941278281535,qAGvH7s8ip
27941278422160,p7XoQvAFcS
27941291389386,3x5ujq6LP7
27941291524376,jrgW1ZzfIv
27941305866092,iRX9ROPQRW
27941306025159,CCDKZQWqG_
27941314864308,ikXUCgtYhd
27941314965230,HC6T1NlwaH
27941323438343,ZEK7y8IUm3
27941323537216,S_P_hgkXZM
27941334863560,ezXwZeKQA7
27941334963714,T_Oeq1NjxK
27941343311571,_LOcaUBRfO
27941343410956,kmoOJIEANj
27941351904049,kz55khofeu
27941352040832,xcQvpR_VFb
27941360664047,5enueFuqyx
27941360765994,8PpLI6TvEs
27941369481679,rGfJrz_hc4
27941369582345,hiSW3PmouD
27941378039834,lsbXwxIghp
27941378145110,NsiDxYuHdB
27941386574678,qVyCq7jpKx
27941386677394,ssYdwwCtGi
27941402623363,xdKPHUXPPm
27941402772441,xS1d13zjc0
27941411468659,MPlInm0BaP
27941411599294,uRqIfLEyvK
27941420324457,9UJ1TCh2qm
27941420424611,UVSgwPLtcV
27941429331382,bi1xAuHGVp
27941429442294,yv19h3AcNp
27941440443842,k0Al1cnAbO
27941440638515,nEKzBeWGUa
27941454535045,DwaotvHNdM
27941454634687,GEgANbYqTJ
27941462910054,7yFz4_Tc9W
27941463007902,gaQtP4LWXa
27941471096281,VmlhUZypkv
27941471194642,nCztvAB0FK
27941482689531,rvMTv5yVSB
27941482814019,FfFIDx8Lvi
27941491173146,j9U28xIDsc
27941491273812,IaOHJ2d4Ad
27941499761270,iRgItdFiMS
27941499869620,PclCsMyk84
27941508011278,1m2i4baqJo
27941508110920,bn6xPuOVYT
27941516005651,qWTcGPUaop
27941516100938,3bxrdZwxye
27941524402432,YWjeLyBBSn
27941524501561,9SXOFxkoPd
27941533532308,48FaBKZuRW
27941533626571,jbxv0FChpX
27941544537443,GNrLveY0mF
27941544631705,5c_XSljVkZ
27941552834070,MU5N9uoGIE
27941552930125,GPgXOshxah
27941561095605,AOCNYHeHNS
27941561189611,wmcRRIQmEF
27941569347150,2FzyxJnwty
27941569460368,W0bDPO0rEZ
27941577583583,gpAuERRY_t
27941577683225,R2uRh1e_xC
27941587618942,pExen6BnGQ
27941587775192,R0ANUQyRYZ
27941598656094,iN5YOlQdWu
27941598758297,vhkx4YUVgj
27941607033408,KJ1xtRSirP
27941610243709,7PfW9ocFKv
27941618525736,CJl6xaTyp0
27941618623840,o6W9ajnAyC
27941626661502,SVMHbc7QHx
27941626757814,6Qu7rMHZnY
27941635410999,Uu_XWjpcUi
27941635568274,O78bWCzgcJ
27941644223764,nnG8zo9mV_
27941644320332,HnHyfUsnPt
27941653083148,XcsruqOhhN
27941653178691,LwUQy2QsP0
27941661698167,htU37EYGfp
27941661820862,ScfZQ24qfe
27941670587521,LzGFUMLZVA
27941670703299,MRFe_23hi5
27941683513251,_VGmaWCFpy
27941683611100,WPWWnV5wbA
27941693541694,OX9JGNA1Jo
27941693687186,zocdhY9zdg
27941705740221,M8OMxWy5N1
27941705838069,R4afbR1BzL
27941713842432,hQrtGWBDQn
27941713939256,qNTnPYG898
27941721913649,nxiuahb8yb
27941722013547,iW8D2L1vQA
27941730237428,VP_icGVtoE
27941730334252,kzGlTWZGJ5
27941738741535,YuxRtvTlG8
27941738836310,9NQ8cYP_rf
27941750688525,4Mx8UnV9g3
27941750788166,LwCET5D8ST
27941759058154,f7SoyyomTi
27941759153441,iGLVA2vB4K
27941767562261,9xHmWCnoww
27941767665489,TNY83a66qX
27941776409606,z67QH3xLYb
27941776515652,ux7umaXeMx
27941785015404,skQhmubUsr
27941785141685,Pp9W7D6Lwx
27941793481858,142PAFr8Wm
27941793575608,TuTeq_Id22
27941802727000,L3RJ5XubCj
27941802832021,llJLxUOGAZ
27941810986230,5qrloFU5JH
27941811101240,XqP91gzOEX
27941821951917,BKcj9UBphO
27941822045924,WBI0K16uT3
27941830101772,IBGuBbUc_o
27941830219088,igi1ejl56H
27941838450654,5sREZFJeoI
27941838546709,8hqfe0SrD6
27941846851277,k37x5b7ejQ
27941846946308,d2JWTnoJD6
27941855148161,ehTay8ego1
27941855272904,NDoDhvpGNN
27941863685311,oU8bkKm3QR
27941863781110,5VgqB2T7jz
27941871837214,be_mqLpmll
27941871929684,NKFB66ET8w
27941883338251,d0Lz1iBhdo
27941883441991,ov7ouuQnVs
27941891632829,ZDUiZzBUE2
27941891728116,KbheEIE_RO
27941899906659,FAseFceCZD
27941900002715,IjzTiB1UP7
27941907953799,7OX2KQ5vjI
27941908053440,1M0aQJWAA1
27941916360826,BXWjhhhp7K
27941916525529,7wdPCv5o5Y
27941924862371,yLjf5PUgB5
27941924956890,0gX2wC1VrY
27941933075238,vw_z06vOTA
27941933169245,sDGadK3j21
27941944198201,YdqhAcsys2
27941944292719,uaJrnbNT1J
27941952409275,2AOYGegzMM
27941952506355,jP386lJWEK
27941961319632,5IevzsHCr4
27941961435155,cTxjLf1AqK
27941969510470,xgKejM3v1M
27941969602684,22fK_5qfo1
27941977975899,JWEvZLpW3t
27941978075028,EjjB4jIc2D
27941986216430,a5NNTtnTjO
27941986309156,zSOl5CWbtz
27941994361930,l2RvZKp2s8
27941994467207,ppjar6gONF
27942003314040,4gaBfIWG_v
27942003428282,_C0N3senvj
27942014757955,7S_81_VB8F
27942014851193,efsHgpFVFF
27942023352226,y5nZRe4uR5
27942023448026,Bjp9v1PoHL
27942031514376,_JDfIylgjs
27942031607614,qldQOXfanu
27942039952141,GGJ_EsWh9j
27942040047172,RXBgy9cD1U
27942048409373,qIi5lnEJvw
27942048525920,hjVO9VJXeM
27942057023111,KtoPDyN0BA
27942057143501,xP9oK4N_fA
27942065467280,samsOb16XL
27942065582546,Z1vOJr8Nka
27942076237783,kyYxqAVx0d
27942076335119,GlawLIdIMP
27942084362791,KsvVrHQ5gx
27942084466275,1_fe9OmVgW
27942092699121,huXG30hxZq
27942092812851,TNWoTEXeaY
27942101376384,Z2jIwucoq8
27942101512142,zRFmLbo9Dh
27942110037766,IUeXorTRCq
27942110152264,2MoFazSoZH
27942118800582,r1fx7ONudO
27942118897406,yciMXxzYt7
27942127319034,9IHCXmMgsR
27942127432507,PBetIeeBuu
27942138477600,vJ82ZmUqEQ
27942138571350,Mk60xFpL6u
27942146815211,yLZyZOia8M
27942146909218,ROMVR01Cp7
27942154856716,oHnoQHC3NM
27942154949697,oubYB6IC3h
27942163540638,Hyws5gTxxd
27942163634645,z1NXRvk32W
27942171915391,0oDh2c2UOR
27942172008372,2ye3kCHb20
27942180313197,N_HabvFzLA
27942180416168,Rbm4nxJzHa
27942188992253,IEy2va9knG
27942189106751,RkgactUAfA
27942197566288,PNS3YDiRt4
27942197758655,qMrWVhNKM3
27942208841914,cnsQsfbIax
27942208939763,EkGH3QtmjE
27942216752783,63umyfSOCe
27942216846533,9yRvW6OlDK
27942224880609,jjXrlf35E7
27942224972054,n9ptaR8fX4
27942233063251,FlNV7XL1fF
27942233154952,fdcwW3YhVe
27942241573505,3fSkdfAOkV
27942241665206,fkJ4N5lUbV
27942249966956,dtieTDmltt
27942250059426,7_MO5uCsKY
27942258159075,dWU2jBxrzG
27942258257949,NJWAUNxXAz
27942269241822,cpw2C1OIYa
27942269337878,_zoOsN7JsY
27942277295622,veMuXUbU8X
27942277406021,A89gh63lDN
27942285639893,XeJMS3pzvl
27942285731593,vXFcuxZdB4
27942294122483,lJgRK7QGc_
27942294214696,E6D3YHDQJb
27942302505432,Zegfyt8hOI
27942302662963,o_15WeQr19
27942310784129,pXwPZr5tEU
27942310879160,pegJ9Pvx0C
27942318974968,NsI7BuAfGg
27942319066669,bLWri5yuwN
27942329862530,FMTn5U9GS9
27942329959610,Erz6bHLd9U
27942338159926,pZyUHCYkkG
27942338268020,56_LD7g3Nd
27942346432219,izltHefvHB
27942346528531,Mr5VWdoM0l
27942354980384,UiUS_bsWz9
27942355083611,zfLzIWmm08
27942363225525,QjcVKhw_5w
27942363318507,A1xhytYg_7
